筆次,作物,藥劑,現行判定,疑義說明
14,大豆,賽安勃,確認,附表一無大豆(僅毛豆1.0);人工認為應確認;待查登記是否限毛豆
35,甘藷,免扶克,誤判,"人工修正:葉用甘藷=小葉菜類,Benfuracarb於小葉菜類有→誤判"
36,甘藷,汰芬隆,誤判,"人工修正:葉用甘藷=小葉菜類,Diafenthiuron於小葉菜類有→誤判"
37,甘藷,密滅汀,誤判,"人工修正:葉用甘藷=小葉菜類,Milbemectin於小葉菜類0.2→誤判"
38,甘藷,滅草胺,確認,"葉用甘藷=小葉菜類,但Metazachlor無小葉菜類→不影響,仍確認"
53,胡麻,可芬諾,存疑,Chromafenozide僅列芝麻0.5、無亞麻籽、無乾豆類；作物名「胡麻」在附表一無對應項；附表一另有「芝麻」與「亞麻籽」兩獨立項(容許量不同)，兩者雖皆屬附表五乾豆類，但胡麻究係芝麻(Sesamum indicum，台灣農藥慣用名)或亞麻籽(Linum)須經農業部使用範圍/作物名對照確認。確認前保守維持不得檢出候選。(前次誤設誤判/檢核完成已改正)
54,胡麻,得克芬胺,存疑,混合劑：Tebuconazole乾豆類0.5(芝麻與亞麻籽皆屬乾豆類，皆涵蓋)，但Cyflufenamid僅列芝麻0.05、無亞麻籽/乾豆類。若胡麻=芝麻→兩成分皆有=誤判；若胡麻=亞麻籽→Cyflufenamid缺標準=不得檢出。作物名「胡麻」在附表一無對應項；附表一另有「芝麻」與「亞麻籽」兩獨立項(容許量不同)，兩者雖皆屬附表五乾豆類，但胡麻究係芝麻(Sesamum indicum，台灣農藥慣用名)或亞麻籽(Linum)須經農業部使用範圍/作物名對照確認。確認前保守維持不得檢出候選。
55,胡麻,覆滅蟎,存疑,Formetanate僅列芝麻0.1、無亞麻籽、無乾豆類；作物名「胡麻」在附表一無對應項；附表一另有「芝麻」與「亞麻籽」兩獨立項(容許量不同)，兩者雖皆屬附表五乾豆類，但胡麻究係芝麻(Sesamum indicum，台灣農藥慣用名)或亞麻籽(Linum)須經農業部使用範圍/作物名對照確認。確認前保守維持不得檢出候選。(前次誤設誤判/檢核完成已改正)
56,茄科小葉菜類,可芬諾,部分確認,"枸杞有;龍葵於附表一查無任何藥劑,其作物地位待釐清(人工提出)"
